state,yearOfLoss,claims,paid
AK,1978,5,11716.46
AK,1979,6,20118.11
AK,1980,26,47242.159999999996
AK,1981,5,21703.440000000002
AK,1982,8,3465.31
AK,1983,8,13648.85
AK,1984,10,31667.74
AK,1985,21,92662.75
AK,1986,15,130152.94
AK,1987,3,18617.21
AK,1988,2,3698.08
AK,1989,11,13924.880000000001
AK,1990,6,73881.12
AK,1991,41,433231.3
AK,1992,29,520355.07
AK,1993,4,34708.61
AK,1994,9,376731.85
AK,1995,34,292904.58999999997
AK,1996,9,33379.1
AK,1997,7,5153.4
AK,1998,6,6545.4
AK,1999,7,25043.29
AK,2000,2,9395.08
AK,2001,6,7040.56
AK,2002,26,288496.55
AK,2003,27,166265.74
AK,2004,19,524159.44000000006
AK,2005,16,215431.38999999998
AK,2006,42,413270.98
AK,2007,6,16757.03
AK,2008,58,690620.56
AK,2009,17,336012.96
AK,2010,2,13411.25
AK,2011,7,108427.98000000001
AK,2012,66,879477.4799999999
AK,2013,46,3098373.26
AK,2014,22,578219.4600000001
AK,2015,7,99036.47
AK,2016,8,45910.53
AK,2017,6,59993.45
AK,2018,1,0.0
AK,2019,6,167282.62
AK,2020,19,439485.3
AK,2021,5,18806.23
AK,2022,19,1047963.01
AK,2023,19,1183030.5299999998
AK,2024,54,2960899.86
AK,2025,24,776699.8799999999
AK,2026,3,38606.85
AL,1978,150,334505.06
AL,1979,3578,40422324.51
AL,1980,900,6580978.47
AL,1981,1220,18144723.82
AL,1982,225,534738.8
AL,1983,850,4762560.43
AL,1984,66,200504.66999999998
AL,1985,1125,3153529.59
AL,1986,12,50335.5
AL,1987,60,141175.48
AL,1988,42,64776.64
AL,1989,88,485412.13999999996
AL,1990,708,9486972.53
AL,1991,215,1000802.85
AL,1992,58,299217.94999999995
AL,1993,40,192750.66
AL,1994,264,4432176.34
AL,1995,1896,17802958.28
AL,1996,231,1765121.0
AL,1997,1217,11378732.99
AL,1998,5854,95403015.44
AL,1999,390,5912470.55
AL,2000,216,2454115.99
AL,2001,110,744873.06
AL,2002,1210,7624254.18
AL,2003,674,13042848.27
AL,2004,7269,359234209.62
AL,2005,6354,296988696.73
AL,2006,58,794780.58
AL,2007,72,1229923.15
AL,2008,507,4737492.34
AL,2009,716,13866582.42
AL,2010,150,1263005.47
AL,2011,317,6993517.49
AL,2012,353,3672775.3699999996
AL,2013,203,2715823.68
AL,2014,1434,54677505.7
AL,2015,456,10072007.6
AL,2016,70,480750.8
AL,2017,439,8933350.959999999
AL,2018,117,1513446.21
AL,2019,180,3421412.41
AL,2020,3876,133030578.59
AL,2021,535,21573556.01
AL,2022,116,3421118.37
AL,2023,64,2570752.29
AL,2024,85,2075044.22
AL,2025,89,3194268.95
AL,2026,16,42754.97
AR,1978,293,2123223.27
AR,1979,170,525616.61
AR,1980,102,534121.22
AR,1981,139,564266.1
AR,1982,361,2235717.61
AR,1983,191,929099.75
AR,1984,349,2275334.02
AR,1985,67,212676.75
AR,1986,75,723601.3500000001
AR,1987,371,2801985.5100000002
AR,1988,141,402323.7
AR,1989,143,963187.54
AR,1990,356,3640018.68
AR,1991,238,1598206.1199999999
AR,1992,21,18972.03
AR,1993,44,813758.2499999999
AR,1994,83,586991.51
AR,1995,28,154584.39
AR,1996,46,345386.9
AR,1997,199,2013874.39
AR,1998,118,1316192.49
AR,1999,41,238914.44
AR,2000,38,411148.08
AR,2001,210,1655913.89
AR,2002,118,2557125.1
AR,2003,152,2579072.45
AR,2004,165,2313002.04
AR,2005,26,291212.51
AR,2006,78,1245108.97
AR,2007,63,533983.5
AR,2008,701,15381245.46
AR,2009,687,15583836.56
AR,2010,206,4855926.38
AR,2011,1158,29379220.54
AR,2012,49,502143.52
AR,2013,151,3467450.74
AR,2014,160,2149744.09
AR,2015,368,10011788.01
AR,2016,268,6907936.109999999
AR,2017,636,26146748.52
AR,2018,126,2482916.1799999997
AR,2019,503,31247427.020000003
AR,2020,70,2132607.64
AR,2021,154,4650583.19
AR,2022,150,5548610.54
AR,2023,85,2651955.28
AR,2024,81,4127719.1900000004
AR,2025,269,13931089.97
AR,2026,2,6550.77
AS,1980,1,4687.99
AS,1981,1,0.0
AS,1982,9,2118.5
AS,1983,3,5913.2
AS,1984,2,11094.52
AS,1986,1,7663.82
AS,1991,2,0.0
AS,2010,2,0.0
AS,2011,3,4743.37
AS,2018,3,31342.58
AS,2019,1,0.0
AS,2022,1,0.0
AZ,1978,465,3169428.5
AZ,1979,84,227074.59
AZ,1980,343,2534302.3
AZ,1981,122,217551.02999999997
AZ,1982,49,112347.48
AZ,1983,507,5628998.95
AZ,1984,190,398704.75
AZ,1985,25,24988.76
AZ,1986,69,265025.25
AZ,1987,53,35713.71
AZ,1988,76,258840.36
AZ,1989,37,85566.56999999999
AZ,1990,230,1233472.2
AZ,1991,16,19741.949999999997
AZ,1992,137,810092.35
AZ,1993,435,4473950.04
AZ,1994,28,165853.62
AZ,1995,90,643367.01
AZ,1996,27,538522.54
AZ,1997,49,244494.0
AZ,1998,60,260797.81
AZ,1999,53,161732.86
AZ,2000,62,362775.02
AZ,2001,27,80151.93
AZ,2002,68,406668.82
AZ,2003,80,489880.4
AZ,2004,115,1876248.98
AZ,2005,84,1085565.03
AZ,2006,110,2339914.84
AZ,2007,124,2216402.96
AZ,2008,67,788001.24
AZ,2009,40,609778.92
AZ,2010,160,3325994.57
AZ,2011,43,214480.84
AZ,2012,46,414701.89
AZ,2013,59,1226424.28
AZ,2014,287,8222331.54
AZ,2015,43,356965.31
AZ,2016,121,1929153.97
AZ,2017,50,1148187.49
AZ,2018,94,1688246.62
AZ,2019,73,2396498.16
AZ,2020,19,138221.9
AZ,2021,164,3719265.56
AZ,2022,105,2946789.0100000002
AZ,2023,61,1010971.57
AZ,2024,13,69419.91
AZ,2025,61,2181040.48
AZ,2026,2,0.0
CA,1978,1198,3734245.0500000003
CA,1979,629,2067849.15
CA,1980,2846,12410660.44
CA,1981,606,1787291.37
CA,1982,2125,12925515.34
CA,1983,4652,30841614.16
CA,1984,197,665630.7
CA,1985,118,231035.22999999998
CA,1986,2627,35554142.66
CA,1987,116,179010.77
CA,1988,499,4118278.6999999997
CA,1989,73,229804.08999999997
CA,1990,53,95597.02
CA,1991,267,1199995.34
CA,1992,823,4130155.5
CA,1993,1291,6730942.97
CA,1994,215,1305322.08
CA,1995,8261,116147146.81
CA,1996,940,8318408.59
CA,1997,3115,44131542.89
CA,1998,6768,60499226.410000004
CA,1999,217,1130545.6300000001
CA,2000,448,1646363.15
CA,2001,511,2866529.54
CA,2002,460,7819129.04
CA,2003,236,1864233.52
CA,2004,506,6314800.15
CA,2005,2978,91159654.21
CA,2006,642,14767899.23
CA,2007,54,284090.51999999996
CA,2008,274,3738614.98
CA,2009,153,1375814.74
CA,2010,826,11899962.76
CA,2011,275,3031029.61
CA,2012,278,3036708.08
CA,2013,76,1308219.56
CA,2014,563,14958180.15
CA,2015,125,1461649.37
CA,2016,426,5551607.59
CA,2017,1776,35869867.1
CA,2018,395,22230433.28
CA,2019,1236,38750206.050000004
CA,2020,120,1235567.95
CA,2021,297,6693801.489999999
CA,2022,483,19941599.13
CA,2023,1815,64526137.25
CA,2024,582,32129434.78
CA,2025,255,8598938.87
CA,2026,119,6611972.65
CO,1978,58,181205.93
CO,1979,134,324450.73
CO,1980,125,244186.47
CO,1981,65,141182.58
CO,1982,181,1284426.71
CO,1983,186,612725.26
CO,1984,142,512316.81000000006
CO,1985,56,268818.82999999996
CO,1986,28,62509.509999999995
CO,1987,33,115769.72
CO,1988,11,6802.48
CO,1989,20,66728.55
CO,1990,34,52421.299999999996
CO,1991,50,115435.55
CO,1992,16,22508.25
CO,1993,23,88298.26
CO,1994,38,103628.57999999999
CO,1995,148,325190.26
CO,1996,57,115416.15
CO,1997,190,756079.39
CO,1998,84,480752.75
CO,1999,290,1958668.04
CO,2000,34,92697.79
CO,2001,56,141378.41999999998
CO,2002,27,435778.97000000003
CO,2003,32,46206.69
CO,2004,29,62429.0
CO,2005,18,70250.24
CO,2006,29,100442.12
CO,2007,48,870344.46
CO,2008,34,87835.08
CO,2009,51,825807.07
CO,2010,49,191834.36
CO,2011,89,512493.48
CO,2012,64,752113.4000000001
CO,2013,2301,71863887.15
CO,2014,88,405683.05
CO,2015,329,1907744.6300000001
CO,2016,54,118697.98999999999
CO,2017,44,45107.14
CO,2018,53,654155.55
CO,2019,66,300596.07
CO,2020,17,240696.87
CO,2021,53,410810.55
CO,2022,41,682934.79
CO,2023,132,1093255.02
CO,2024,19,40264.1
CO,2025,50,549696.49
CO,2026,2,0.0
CT,1978,776,1515054.48
CT,1979,1017,3104010.1399999997
CT,1980,1288,4292778.64
CT,1981,42,39407.65
CT,1982,1875,11459568.53
CT,1983,404,1244018.67
CT,1984,784,4602004.16
CT,1985,894,4796966.47
CT,1986,47,116267.65
CT,1987,204,851747.9099999999
CT,1988,54,91173.39
CT,1989,252,987361.18
CT,1990,63,157720.43
CT,1991,448,1924001.77
CT,1992,2772,42905640.55
CT,1993,77,487602.68999999994
CT,1994,135,909033.9099999999
CT,1995,144,885866.58
CT,1996,1060,8119197.73
CT,1997,35,70941.88
CT,1998,106,478034.83
CT,1999,267,4106034.34
CT,2000,186,1980402.48
CT,2001,129,1525213.26
CT,2002,43,210462.34000000003
CT,2003,90,350057.0
CT,2004,112,352687.74
CT,2005,602,6843028.66
CT,2006,367,4210448.17
CT,2007,1308,19986089.88
CT,2008,148,999195.17
CT,2009,88,778846.89
CT,2010,938,8785799.01
CT,2011,4176,96260927.21
CT,2012,6310,256666567.3
CT,2013,69,410733.17000000004
CT,2014,75,409228.1
CT,2015,22,65652.41
CT,2016,25,42774.94
CT,2017,51,327685.47000000003
CT,2018,425,10013190.49
CT,2019,60,522583.62
CT,2020,37,268956.5
CT,2021,963,28871703.93
CT,2022,67,1021276.75
CT,2023,129,2540793.34
CT,2024,244,8237801.029999999
CT,2025,11,106833.55
CT,2026,6,19105.45
DC,1978,7,33467.2
DC,1979,13,86951.6
DC,1980,11,26336.96
DC,1981,2,756.66
DC,1983,6,4669.95
DC,1984,3,10804.17
DC,1985,6,72850.70999999999
DC,1986,1,0.0
DC,1987,1,0.0
DC,1993,2,17662.09
DC,1996,19,482435.36
DC,1997,1,0.0
DC,1998,3,750.0
DC,1999,1,4788.31
DC,2000,1,0.0
DC,2001,8,1155.59
DC,2003,25,309074.94
DC,2004,3,6732.54
DC,2005,2,1204.66
DC,2006,12,539045.48
DC,2008,13,60507.869999999995
DC,2009,9,8215.5
DC,2010,25,36711.479999999996
DC,2011,27,1644462.97
DC,2012,19,95004.27
DC,2013,13,26078.13
DC,2014,21,25186.64
DC,2015,17,9704.14
DC,2016,14,14793.33
DC,2017,27,304200.24
DC,2018,41,202380.9
DC,2019,23,36997.1
DC,2020,63,572388.71
DC,2021,18,109292.94
DC,2022,10,26356.98
DC,2023,12,723535.8099999999
DC,2024,8,3224.41
DC,2025,5,38557.18
DC,2026,2,0.0
DE,1978,35,170431.83
DE,1979,38,140199.42
DE,1980,86,354396.54000000004
DE,1981,14,15322.53
DE,1982,23,12580.91
DE,1983,41,105973.11
DE,1984,119,245185.74
DE,1985,148,591143.37
DE,1986,8,10062.6
DE,1987,3,0.0
DE,1988,9,17710.0
DE,1989,119,1539040.25
DE,1990,4,668.21
DE,1991,110,150454.71
DE,1992,738,5444859.07
DE,1993,45,102524.9
DE,1994,162,1103433.96
DE,1995,3,28900.48
DE,1996,79,600908.2
DE,1997,14,10829.11
DE,1998,783,6119668.51
DE,1999,236,7265653.11
DE,2000,35,474264.69
DE,2001,14,69442.56
DE,2002,13,18472.59
DE,2003,313,16414301.440000001
DE,2004,141,6328132.03
DE,2005,13,49121.229999999996
DE,2006,66,864322.94
DE,2007,18,87059.9
DE,2008,127,1635303.29
DE,2009,141,923806.98
DE,2010,65,1125424.57
DE,2011,255,4786289.08
DE,2012,1558,18159208.51
DE,2013,64,371079.01
DE,2014,53,667089.63
DE,2015,42,147283.83000000002
DE,2016,166,1390936.92
DE,2017,17,74995.95
DE,2018,46,393949.34
DE,2019,23,99478.79
DE,2020,75,1625833.25
DE,2021,153,8905493.44
DE,2022,22,77033.27
DE,2023,37,272414.48
DE,2024,27,447143.45999999996
DE,2025,28,97829.43
DE,2026,5,0.0
FL,1978,450,952709.71
FL,1979,6744,17257371.52
FL,1980,828,933927.34
FL,1981,2728,1964168.01
FL,1982,5548,12763610.48
FL,1983,1025,1420862.11
FL,1984,1437,4095847.97
FL,1985,12003,87399649.1
FL,1986,678,1985050.04
FL,1987,624,1427672.35
FL,1988,3209,11961014.97
FL,1989,440,2037243.01
FL,1990,276,1568571.8699999999
FL,1991,2242,10014518.39
FL,1992,11664,158176846.37
FL,1993,10757,200285093.69
FL,1994,3970,19829191.97
FL,1995,17520,423368516.86
FL,1996,8363,105736496.84
FL,1997,2577,12250637.08
FL,1998,14948,100938667.72
FL,1999,24751,137857240.67
FL,2000,13847,166624170.24
FL,2001,5224,45243223.08
FL,2002,1536,8349048.16
FL,2003,2106,14005229.379999999
FL,2004,34726,1250139754.8899999
FL,2005,32420,625230005.89
FL,2006,1033,10461492.86
FL,2007,984,7094695.71
FL,2008,4424,61868094.38
FL,2009,3511,72793752.39
FL,2010,910,4405329.04
FL,2011,2157,27214563.74
FL,2012,5369,74082875.11
FL,2013,2154,34711221.46
FL,2014,3960,124638992.96000001
FL,2015,1993,27141566.18
FL,2016,8838,289470170.09
FL,2017,31430,1031281524.64
FL,2018,5100,242046733.53
FL,2019,1193,27770068.89
FL,2020,9992,317959067.23
FL,2021,933,17734352.45
FL,2022,50278,4948429121.15
FL,2023,10298,661165980.65
FL,2024,80416,7856015086.67
FL,2025,716,22829425.41
FL,2026,95,166510.45
GA,1978,80,126046.77
GA,1979,636,3213316.85
GA,1980,230,738940.76
GA,1981,71,189663.46000000002
GA,1982,371,1941194.01
GA,1983,159,548048.8400000001
GA,1984,119,313366.63
GA,1985,89,789597.77
GA,1986,50,254161.25
GA,1987,100,230595.71
GA,1988,24,93383.45999999999
GA,1989,160,808540.35
GA,1990,633,9733197.55
GA,1991,253,2501068.2
GA,1992,225,1239378.77
GA,1993,92,271164.59
GA,1994,2093,47903106.42
GA,1995,444,3108141.94
GA,1996,632,6827939.38
GA,1997,174,859664.35
GA,1998,1349,16451305.46
GA,1999,1261,17458457.34
GA,2000,143,1119979.51
GA,2001,95,1128928.33
GA,2002,168,1358387.06
GA,2003,477,4387777.78
GA,2004,997,28530280.62
GA,2005,912,13753307.37
GA,2006,77,943524.0900000001
GA,2007,98,630971.9400000001
GA,2008,124,636102.8099999999
GA,2009,2985,132807155.89
GA,2010,233,2199339.48
GA,2011,98,479240.36
GA,2012,173,3247583.68
GA,2013,498,6295757.12
GA,2014,159,1473599.61
GA,2015,661,11080654.85
GA,2016,1308,22454381.53
GA,2017,2413,68986366.74
GA,2018,295,5626410.37
GA,2019,194,3120123.33
GA,2020,778,20237218.18
GA,2021,410,7590776.63
GA,2022,185,3536633.67
GA,2023,242,6676608.66
GA,2024,1268,49512366.01
GA,2025,156,2886373.3
GA,2026,26,149757.40000000002
GU,1979,3,18885.11
GU,1980,1,0.0
GU,1982,1,0.0
GU,1984,1,13910.0
GU,1985,1,9416.32
GU,1988,1,688.82
GU,1990,1,1416.55
GU,1991,6,48356.770000000004
GU,1992,2,638.6
GU,1995,1,20580.92
GU,1996,2,0.0
GU,1997,28,201174.0
GU,1999,7,5333.7
GU,2000,1,1775.61
GU,2002,86,1135337.89
GU,2004,8,147834.87
GU,2009,1,71379.09
GU,2011,2,20097.68
GU,2012,1,12043.75
GU,2013,1,52703.84
GU,2014,2,51233.880000000005
GU,2017,1,10750.34
GU,2018,4,199368.21000000002
GU,2023,22,263918.21
GU,2024,1,12717.09
GU,2025,3,123685.78
GU,2026,4,0.0
HI,1978,44,129930.34
HI,1979,67,195187.35
HI,1980,227,1048145.9199999999
HI,1981,49,86972.74
HI,1982,280,4113531.25
HI,1983,99,337841.02
HI,1984,50,234900.06
HI,1985,85,252334.74000000002
HI,1986,130,1274299.63
HI,1987,131,1037417.4199999999
HI,1988,173,1592467.51
HI,1989,53,114585.8
HI,1990,38,99683.13
HI,1991,251,1938991.97
HI,1992,1116,35935047.03
HI,1993,41,274822.35000000003
HI,1994,64,488415.8
HI,1995,99,1125219.61
HI,1996,163,850992.89
HI,1997,33,478588.66000000003
HI,1998,13,104715.97
HI,1999,17,72324.48999999999
HI,2000,81,1908451.0499999998
HI,2001,31,185481.06
HI,2002,48,617834.01
HI,2003,93,1769810.42
HI,2004,97,850021.36
HI,2005,44,228605.37
HI,2006,200,3751008.21
HI,2007,93,1569309.8699999999
HI,2008,214,5124114.67
HI,2009,25,290504.64
HI,2010,47,737522.97
HI,2011,231,12410294.24
HI,2012,114,1929842.92
HI,2013,17,179269.16999999998
HI,2014,70,1606408.78
HI,2015,43,1005550.0300000001
HI,2016,96,4127661.77
HI,2017,47,1026236.8500000001
HI,2018,521,30848372.83
HI,2019,36,340525.57
HI,2020,52,1057761.9
HI,2021,202,7633093.640000001
HI,2022,36,2010266.21
HI,2023,36,4495827.4799999995
HI,2024,90,3854622.65
HI,2025,39,2097880.93
HI,2026,424,14088196.03
IA,1978,63,178842.09
IA,1979,341,646941.02
IA,1980,76,165819.73
IA,1981,40,29216.02
IA,1982,212,444960.58
IA,1983,126,166153.44
IA,1984,116,401799.74
IA,1985,11,57474.92
IA,1986,177,706235.48
IA,1987,90,202661.71
IA,1989,6,4802.93
IA,1990,874,8375248.779999999
IA,1991,123,679082.16
IA,1992,18,27684.89
IA,1993,1789,26190092.93
IA,1994,11,40567.33
IA,1995,9,5598.22
IA,1996,185,2402326.64
IA,1997,175,1206015.5899999999
IA,1998,201,1622242.6500000001
IA,1999,1121,7731413.75
IA,2000,29,275907.05
IA,2001,439,5859905.859999999
IA,2002,163,962396.81
IA,2003,15,12317.4
IA,2004,245,2769570.5
IA,2005,13,22402.14
IA,2006,11,10732.72
IA,2007,245,3896829.75
IA,2008,3267,160527030.82
IA,2009,94,1732154.1300000001
IA,2010,698,19321926.21
IA,2011,504,12196626.34
IA,2012,18,31773.190000000002
IA,2013,444,3994243.62
IA,2014,602,9825497.43
IA,2015,114,3064070.53
IA,2016,661,11299978.2
IA,2017,66,1577676.28
IA,2018,327,12304510.61
IA,2019,588,26749679.4
IA,2020,35,316394.34
IA,2021,33,336646.89
IA,2022,1,711.76
IA,2023,77,1259705.42
IA,2024,253,14289082.59
IA,2025,35,694581.1900000001
IA,2026,7,78160.28
ID,1978,3,9327.0
ID,1979,35,127180.29
ID,1980,25,88204.34
ID,1981,9,289.25
ID,1982,41,69681.91
ID,1983,21,75884.77
ID,1984,19,81679.26000000001
ID,1985,4,25566.1
ID,1986,4,12425.0
ID,1987,1,0.0
ID,1989,4,2519.6
ID,1990,9,44752.1
ID,1991,1,0.0
ID,1992,9,2711.61
ID,1993,3,500.0
ID,1995,27,73399.32
ID,1996,104,1674073.63
ID,1997,138,1712498.82
ID,1998,12,28490.37
ID,1999,10,25985.78
ID,2000,6,1851.12
ID,2001,2,3430.32
ID,2002,16,116676.76
ID,2003,2,19487.449999999997
ID,2004,6,4607.52
ID,2005,13,86666.59
ID,2006,62,496886.61
ID,2007,4,0.0
ID,2008,28,153642.01
ID,2009,26,135970.61
ID,2010,17,240609.85
ID,2011,28,237565.84
ID,2012,19,25524.190000000002
ID,2013,11,28466.46
ID,2014,18,31609.99
ID,2015,15,29332.96
ID,2016,5,17566.35
ID,2017,237,3371570.52
ID,2018,19,302802.4
ID,2019,35,424585.85
ID,2020,5,7616.84
ID,2021,4,2912.51
ID,2022,6,11096.41
ID,2023,31,435951.12
ID,2024,5,6787.94
ID,2025,6,44751.63
ID,2026,8,126379.51999999999
IL,1978,649,1263617.52
IL,1979,3704,15847347.57
IL,1980,396,740238.5599999999
IL,1981,1397,4209822.18
IL,1982,4101,15019377.73
IL,1983,1866,5845589.8
IL,1984,328,1047549.83
IL,1985,1908,8317623.51
IL,1986,1217,8096406.63
IL,1987,1684,15540125.35
IL,1988,97,247827.58000000002
IL,1989,213,575511.35
IL,1990,723,2780558.25
IL,1991,158,520909.63
IL,1992,56,79376.83
IL,1993,4083,67449983.91
IL,1994,441,2935013.62
IL,1995,726,4511039.54
IL,1996,2621,23726306.44
IL,1997,1329,7563781.62
IL,1998,295,958040.6699999999
IL,1999,337,1531375.81
IL,2000,343,1742833.02
IL,2001,894,6998681.82
IL,2002,739,5302629.16
IL,2003,314,938426.39
IL,2004,257,2339933.29
IL,2005,199,1099029.65
IL,2006,634,6738297.28
IL,2007,1094,13510452.23
IL,2008,5357,105119748.3
IL,2009,582,5414783.13
IL,2010,2100,28093865.86
IL,2011,1210,17480126.04
IL,2012,74,369368.08
IL,2013,4402,93088191.82000001
IL,2014,668,5701809.31
IL,2015,992,11320482.01
IL,2016,215,1861124.17
IL,2017,988,18807228.87
IL,2018,628,14594128.33
IL,2019,1051,24087438.92
IL,2020,633,10128510.69
IL,2021,135,1381941.0699999998
IL,2022,184,3060986.2
IL,2023,213,2436886.15
IL,2024,278,5052524.5
IL,2025,96,1440529.19
IL,2026,127,1022373.93
IN,1978,439,1046194.73
IN,1979,328,1080629.59
IN,1980,239,584932.98
IN,1981,481,1369406.19
IN,1982,1044,5153756.32
IN,1983,300,698081.88
IN,1984,56,134633.67
IN,1985,634,2257016.82
IN,1986,79,102213.33
IN,1987,55,247304.68
IN,1988,21,11500.27
IN,1989,262,1031827.8
IN,1990,957,10228939.95
IN,1991,173,939366.99
IN,1992,211,1292116.57
IN,1993,411,2748149.08
IN,1994,87,577698.54
IN,1995,74,367787.4
IN,1996,390,2585945.43
IN,1997,678,11113636.94
IN,1998,331,2361577.91
IN,1999,169,1268550.93
IN,2000,79,387464.29000000004
IN,2001,72,231044.09
IN,2002,277,1176591.0
IN,2003,1231,14536759.81
IN,2004,183,2950792.12
IN,2005,678,7395749.38
IN,2006,911,9664333.95
IN,2007,189,2148909.76
IN,2008,3288,103183711.14
IN,2009,650,12308837.569999998
IN,2010,114,1059305.55
IN,2011,723,9890592.120000001
IN,2012,39,103763.53
IN,2013,871,20648349.07
IN,2014,148,1232129.94
IN,2015,541,8538138.35
IN,2016,105,1221690.56
IN,2017,217,3923028.77
IN,2018,728,20442490.77
IN,2019,156,2803447.12
IN,2020,53,774940.1
IN,2021,124,4349855.22
IN,2022,35,613466.03
IN,2023,13,39907.31
IN,2024,43,716065.57
IN,2025,366,17468385.94
IN,2026,30,436315.77999999997
KS,1978,32,74741.02
KS,1979,344,2409890.25
KS,1980,38,50293.01
KS,1981,539,2363371.48
KS,1982,275,1507146.31
KS,1983,187,916430.85
KS,1984,225,1059276.9500000002
KS,1985,153,654468.29
KS,1986,213,2505503.4899999998
KS,1987,120,618099.13
KS,1988,12,16780.45
KS,1989,89,520964.85000000003
KS,1990,78,362191.48
KS,1991,18,43919.53
KS,1992,86,794599.88
KS,1993,1162,11882147.07
KS,1994,104,1038606.7
KS,1995,216,1809607.8699999999
KS,1996,110,718825.47
KS,1997,110,1168167.14
KS,1998,665,18224252.46
KS,1999,134,869422.58
KS,2000,13,14849.710000000001
KS,2001,69,585238.76
KS,2002,22,80668.70000000001
KS,2003,73,671221.74
KS,2004,84,1589819.39
KS,2005,204,3099319.7800000003
KS,2006,5,1672.95
KS,2007,646,16584077.280000001
KS,2008,165,3111327.02
KS,2009,149,3910737.7800000003
KS,2010,115,1238247.27
KS,2011,128,2453317.07
KS,2012,42,221942.62
KS,2013,111,1464729.9
KS,2014,29,250185.84999999998
KS,2015,122,1409802.99
KS,2016,163,4209207.94
KS,2017,162,4227068.82
KS,2018,91,5632439.36
KS,2019,306,5670085.1
KS,2020,43,376860.68
KS,2021,28,672500.68
KS,2022,17,230312.22999999998
KS,2023,7,68966.8
KS,2024,35,1151630.87
KS,2025,111,5317219.54
KS,2026,7,83403.8
KY,1978,1094,7705142.69
KY,1979,672,2057372.02
KY,1980,118,383028.17000000004
KY,1981,377,1422623.97
KY,1982,129,356739.2
KY,1983,260,666924.96
KY,1984,2838,28803076.72
KY,1985,58,191355.15
KY,1986,22,110177.79
KY,1987,48,144829.72
KY,1988,49,200647.66999999998
KY,1989,1436,10233863.42
KY,1990,328,1828116.97
KY,1991,363,1471428.91
KY,1992,120,610877.42
KY,1993,82,611729.67
KY,1994,333,1602240.26
KY,1995,147,677545.78
KY,1996,476,4295550.53
KY,1997,4087,79753835.45
KY,1998,463,3925492.74
KY,1999,61,304010.3
KY,2000,263,2023920.28
KY,2001,146,1259900.05
KY,2002,609,6831196.52
KY,2003,885,8790060.9
KY,2004,601,8634912.72
KY,2005,384,11446794.9
KY,2006,552,10107632.39
KY,2007,141,1069639.8599999999
KY,2008,318,2844721.1
KY,2009,909,17024130.16
KY,2010,1281,38105747.49
KY,2011,1007,18626174.6
KY,2012,82,1139085.0
KY,2013,349,7030663.78
KY,2014,154,2287356.14
KY,2015,1274,25826275.59
KY,2016,142,1777974.9100000001
KY,2017,132,2574654.58
KY,2018,892,29184569.94
KY,2019,264,5247467.54
KY,2020,197,3910521.4699999997
KY,2021,749,23875193.78
KY,2022,617,29357171.45
KY,2023,109,2561700.5100000002
KY,2024,52,1204501.59
KY,2025,2170,111759981.91
KY,2026,9,36754.59
LA,1978,9012,48844402.2
LA,1979,4329,17385233.01
LA,1980,18471,106274515.46
LA,1981,1534,4199488.31
LA,1982,6554,35038293.56
LA,1983,18418,122956294.65
LA,1984,1572,8971048.43
LA,1985,7627,91861042.49
LA,1986,400,1850809.52
LA,1987,868,5782210.5600000005
LA,1988,4406,19421702.36
LA,1989,8233,74511930.92
LA,1990,4214,27568959.689999998
LA,1991,8616,75057632.56
LA,1992,3897,33703913.79
LA,1993,2585,25699940.63
LA,1994,1559,8846457.29
LA,1995,38330,606282187.24
LA,1996,958,6023182.72
LA,1997,2385,22638142.33
LA,1998,9770,78130135.28999999
LA,1999,1392,14686345.03
LA,2000,524,2118105.81
LA,2001,8757,102975349.48
LA,2002,12987,129188429.34
LA,2003,1802,11507328.34
LA,2004,2637,31893114.009999998
LA,2005,189275,13604833917.55
LA,2006,1253,22897710.92
LA,2007,596,5664655.2
LA,2008,16972,434066169.31
LA,2009,2661,38235379.14
LA,2010,386,3174455.7199999997
LA,2011,2861,43140349.74
LA,2012,14860,530147948.71
LA,2013,1218,19268533.39
LA,2014,794,15994920.96
LA,2015,868,14820236.08
LA,2016,36026,2782067467.93
LA,2017,2880,83320329.96000001
LA,2018,649,14086094.120000001
LA,2019,3120,101305687.37
LA,2020,5042,172580220.45
LA,2021,19524,950170511.73
LA,2022,326,3588533.92
LA,2023,259,4855444.68
LA,2024,2859,112833710.3
LA,2025,606,34381890.53
LA,2026,107,2389081.9200000004
MA,1978,2814,20787313.759999998
MA,1979,2154,5930242.39
MA,1980,135,423920.11
MA,1981,199,380322.03
MA,1982,884,2384498.76
MA,1983,414,938513.7100000001
MA,1984,550,1296280.71
MA,1985,246,1231877.31
MA,1986,78,44542.85
MA,1987,1729,7186735.73
MA,1988,126,974423.9299999999
MA,1989,58,212116.85
MA,1990,204,1290810.8900000001
MA,1991,7192,126119270.27
MA,1992,2204,18418625.86
MA,1993,261,2004732.47
MA,1994,98,360077.66000000003
MA,1995,65,599766.32
MA,1996,1304,8580937.790000001
MA,1997,187,1236736.71
MA,1998,650,4991782.03
MA,1999,125,617278.08
MA,2000,89,232740.86
MA,2001,1079,6478979.74
MA,2002,65,571331.73
MA,2003,424,3171131.9499999997
MA,2004,324,1745048.1600000001
MA,2005,1013,14102714.88
MA,2006,1453,35958865.75
MA,2007,554,11155551.34
MA,2008,215,2269681.3200000003
MA,2009,128,810367.31
MA,2010,2555,33700127.3
MA,2011,507,7866469.89
MA,2012,272,3228911.63
MA,2013,822,18673523.95
MA,2014,236,2035899.32
MA,2015,465,10085884.45
MA,2016,69,1229766.07
MA,2017,170,1237887.71
MA,2018,2047,55905560.31
MA,2019,71,490765.99000000005
MA,2020,73,493889.15
MA,2021,228,4415750.82
MA,2022,161,3917683.62
MA,2023,311,6488757.9
MA,2024,305,7313258.36
MA,2025,35,291808.04
MA,2026,18,56355.31
MD,1978,436,456477.52
MD,1979,1718,8625566.25
MD,1980,426,131996.47
MD,1981,668,390487.20999999996
MD,1982,709,45856.31
MD,1983,1005,167517.21
MD,1984,985,2874912.94
MD,1985,1355,5488454.0
MD,1986,144,52667.08
MD,1987,52,57079.729999999996
MD,1988,30,119748.20000000001
MD,1989,152,1458736.7
MD,1990,24,20487.82
MD,1991,72,323708.05
MD,1992,458,4575673.73
MD,1993,115,382099.05
MD,1994,85,738475.35
MD,1995,44,478891.02
MD,1996,1368,12006288.059999999
MD,1997,31,28844.559999999998
MD,1998,581,2637525.9699999997
MD,1999,472,4610191.4799999995
MD,2000,60,212434.68
MD,2001,36,155470.53
MD,2002,32,191697.61999999997
MD,2003,6581,161433808.54
MD,2004,237,4631961.109999999
MD,2005,86,293393.57
MD,2006,483,7419284.46
MD,2007,28,37443.92
MD,2008,188,1771534.7599999998
MD,2009,180,830022.72
MD,2010,280,1791582.1500000001
MD,2011,793,10106062.32
MD,2012,1736,22306941.740000002
MD,2013,139,768724.33
MD,2014,450,7928510.83
MD,2015,141,571901.8400000001
MD,2016,276,11335904.87
MD,2017,110,722572.02
MD,2018,606,13181749.08
MD,2019,196,2370859.83
MD,2020,400,4749200.5600000005
MD,2021,587,12467092.92
MD,2022,126,1202376.74
MD,2023,114,2052956.2799999998
MD,2024,414,8235202.59
MD,2025,134,2938735.59
MD,2026,12,2818.45
ME,1978,506,3067393.66
ME,1979,195,491052.03
ME,1980,53,64879.479999999996
ME,1981,43,72660.04000000001
ME,1982,41,85903.82
ME,1983,152,617414.19
ME,1984,86,181099.62
ME,1985,5,31700.87
ME,1986,95,156622.73
ME,1987,584,10142258.53
ME,1988,8,31199.53
ME,1989,40,103553.53000000001
ME,1990,67,225581.39
ME,1991,597,5214320.06
ME,1992,30,70662.37
ME,1993,79,267612.06
ME,1994,63,1205690.88
ME,1995,9,6405.1900000000005
ME,1996,281,1921925.9000000001
ME,1997,41,359034.94
ME,1998,94,654801.22
ME,1999,17,48702.5
ME,2000,21,54987.73
ME,2001,32,126391.16
ME,2002,12,77805.34
ME,2003,47,337127.00999999995
ME,2004,7,2598.5
ME,2005,105,507446.12
ME,2006,181,2617191.13
ME,2007,419,6854258.92
ME,2008,136,2541225.43
ME,2009,32,191917.64
ME,2010,116,997632.7
ME,2011,38,451311.76000000007
ME,2012,47,534203.38
ME,2013,35,475662.78
ME,2014,41,679868.35
ME,2015,13,89677.78
ME,2016,11,84448.68000000001
ME,2017,18,412902.86
ME,2018,133,3007423.74
ME,2019,23,317856.23
ME,2020,12,61213.53999999999
ME,2021,7,195719.99
ME,2022,142,3481702.0300000003
ME,2023,207,8199125.23
ME,2024,743,29310084.86
ME,2025,7,119076.85999999999
MI,1978,87,248326.28
MI,1979,198,482238.41000000003
MI,1980,472,1251663.98
MI,1981,470,1477167.93
MI,1982,543,1636437.69
MI,1983,318,801053.55
MI,1984,124,242160.37
MI,1985,1967,7207085.73
MI,1986,1898,7829757.93
MI,1987,251,468998.36
MI,1988,65,449971.4
MI,1989,143,725523.98
MI,1990,119,223450.56
MI,1991,54,525218.9
MI,1992,21,31948.15
MI,1993,53,320076.28
MI,1994,73,218777.84
MI,1995,26,96149.67
MI,1996,188,1160018.47
MI,1997,276,1692292.5
MI,1998,347,2398730.23
MI,1999,55,86191.34
MI,2000,245,698877.2
MI,2001,213,1589941.6600000001
MI,2002,52,118700.72
MI,2003,43,43142.72
MI,2004,545,5783066.15
MI,2005,75,543552.3400000001
MI,2006,85,463916.29
MI,2007,51,395204.04
MI,2008,303,2921850.37
MI,2009,230,2153588.47
MI,2010,74,307027.08999999997
MI,2011,292,2057569.06
MI,2012,114,930804.7
MI,2013,485,8751871.42
MI,2014,788,9969524.99
MI,2015,97,439994.01
MI,2016,117,720755.5800000001
MI,2017,322,7647673.53
MI,2018,549,15811231.49
MI,2019,604,6663583.01
MI,2020,817,33523784.45
MI,2021,343,3878982.62
MI,2022,47,445579.44
MI,2023,292,5196361.29
MI,2024,97,877302.28
MI,2025,54,875941.5399999999
MI,2026,239,3228907.25
MN,1978,1052,6688012.6
MN,1979,1019,4081280.3
MN,1980,81,173773.97
MN,1981,78,317957.26
MN,1982,52,88076.41
MN,1983,202,1103881.51
MN,1984,141,1297876.26
MN,1985,76,576712.67
MN,1986,338,1168107.74
MN,1987,138,1332968.28
MN,1988,6,0.0
MN,1989,161,527566.52
MN,1990,46,137145.75
MN,1991,36,113086.89
MN,1992,23,62937.18
MN,1993,394,1873587.77
MN,1994,23,60169.87
MN,1995,18,26133.190000000002
MN,1996,347,1470816.42
MN,1997,3266,60579443.11
MN,1998,130,1719739.8199999998
MN,1999,151,1624315.43
MN,2000,223,2317631.29
MN,2001,832,7928401.72
MN,2002,353,4069924.2
MN,2003,41,463189.38
MN,2004,136,5903832.51
MN,2005,35,144679.95
MN,2006,68,906961.5800000001
MN,2007,139,4750894.42
MN,2008,71,863081.81
MN,2009,467,7216124.38
MN,2010,473,9785163.81
MN,2011,444,2898737.52
MN,2012,166,3332580.82
MN,2013,94,549245.84
MN,2014,291,2855172.56
MN,2015,23,29699.77
MN,2016,122,2732064.14
MN,2017,13,50926.14
MN,2018,63,590984.8300000001
MN,2019,273,4912709.91
MN,2020,50,493749.3
MN,2021,6,32574.190000000002
MN,2022,62,986417.2
MN,2023,92,1753056.09
MN,2024,137,5677162.4
MN,2025,18,60226.09
MO,1978,319,503455.83
MO,1979,3069,17073179.669999998
MO,1980,128,203719.99000000002
MO,1981,648,1586082.56
MO,1982,4294,34156359.47
MO,1983,3577,15112105.2
MO,1984,786,5759109.9799999995
MO,1985,1936,6999003.96
MO,1986,2647,19933097.91
MO,1987,89,193052.69
MO,1988,33,60219.51
MO,1989,85,285153.15
MO,1990,999,12721669.209999999
MO,1991,224,2183993.48
MO,1992,155,562959.3400000001
MO,1993,9045,208462798.42
MO,1994,1501,24936621.24
MO,1995,1960,18503380.06
MO,1996,647,5490243.79
MO,1997,250,1315279.27
MO,1998,851,14096234.31
MO,1999,310,4245393.5
MO,2000,276,5924558.83
MO,2001,441,4341313.54
MO,2002,656,6206985.63
MO,2003,190,2447430.88
MO,2004,253,3277368.05
MO,2005,115,1112973.99
MO,2006,88,1415581.82
MO,2007,420,10286195.44
MO,2008,3581,108151544.95
MO,2009,358,4146393.02
MO,2010,651,14890315.200000001
MO,2011,1730,50357755.3
MO,2012,28,55294.34
MO,2013,934,19291498.26
MO,2014,293,3640019.09
MO,2015,1982,81096961.42
MO,2016,299,10072627.58
MO,2017,1600,79344026.72
MO,2018,173,2640914.83
MO,2019,1775,71397364.65
MO,2020,273,11231474.74
MO,2021,147,4547734.24
MO,2022,841,52680339.839999996
MO,2023,97,2511067.43
MO,2024,341,13492490.91
MO,2025,131,4260591.76
MO,2026,35,200164.35
MP,1979,1,3923.45
MP,1980,1,2040.4
MP,1983,1,3660.0
MP,1984,1,0.0
MP,2026,1,0.0
MS,1978,178,321786.63
MS,1979,2776,25537233.14
MS,1980,2102,6532729.02
MS,1981,225,527670.27
MS,1982,951,3275501.63
MS,1983,5558,47424322.69
MS,1984,784,3134881.29
MS,1985,1164,3992976.8200000003
MS,1986,114,283327.57
MS,1987,581,5964183.03
MS,1988,145,641608.58
MS,1989,287,1100971.73
MS,1990,1147,9261910.52
MS,1991,1752,12102489.07
MS,1992,153,528049.6
MS,1993,591,6029142.0600000005
MS,1994,683,4802716.21
MS,1995,1557,16633994.530000001
MS,1996,273,1497267.52
MS,1997,938,11449382.6
MS,1998,4406,53012440.72
MS,1999,260,2509865.6
MS,2000,154,728180.0
MS,2001,1011,11759458.23
MS,2002,2236,19823405.41
MS,2003,1066,19083984.32
MS,2004,307,3087500.44
MS,2005,19764,2496229981.54
MS,2006,100,2064153.4
MS,2007,81,744352.22
MS,2008,1900,30339785.470000003
MS,2009,801,14204404.969999999
MS,2010,197,5839986.16
MS,2011,1358,48909648.79
MS,2012,2381,45068009.0
MS,2013,489,11019045.73
MS,2014,312,5692598.71
MS,2015,176,2515540.89
MS,2016,899,21406832.14
MS,2017,694,18640359.54
MS,2018,374,11403944.7
MS,2019,651,19515822.83
MS,2020,1410,26482808.39
MS,2021,794,22002614.03
MS,2022,188,5627013.82
MS,2023,76,1692267.44
MS,2024,105,2425872.23
MS,2025,74,2465924.91
MS,2026,55,1188316.24
MT,1978,245,626581.74
MT,1979,215,677289.52
MT,1980,39,37853.55
MT,1981,114,308787.73
MT,1982,28,38176.21
MT,1983,5,2682.82
MT,1984,12,95.0
MT,1985,8,29109.56
MT,1986,44,155308.94
MT,1989,11,60846.229999999996
MT,1990,2,68150.0
MT,1991,23,69091.87999999999
MT,1992,2,12971.76
MT,1993,5,6870.95
MT,1994,1,0.0
MT,1995,10,38649.88
MT,1996,77,609117.9199999999
MT,1997,405,2330401.71
MT,1998,15,32047.46
MT,1999,2,20058.57
MT,2000,1,0.0
MT,2001,10,3485.59
MT,2002,6,4443.68
MT,2003,11,63256.369999999995
MT,2004,5,1195.72
MT,2005,10,19644.41
MT,2006,8,16927.42
MT,2007,13,79540.6
MT,2008,18,126748.73000000001
MT,2009,7,14037.61
MT,2010,18,26328.0
MT,2011,460,4236188.85
MT,2012,8,50220.13
MT,2013,24,143694.34
MT,2014,39,468983.0
MT,2015,8,23373.12
MT,2016,10,76593.05000000002
MT,2017,10,26896.82
MT,2018,117,1121331.68
MT,2019,23,168415.19
MT,2020,4,55662.08
MT,2021,5,1947.06
MT,2022,119,6979595.28
MT,2023,14,126141.88
MT,2024,3,17642.67
MT,2025,2,0.0
MT,2026,1,0.0
NC,1978,182,372930.62
NC,1979,473,2316079.12
NC,1980,172,1394977.74
NC,1981,187,617775.35
NC,1982,361,1111116.23
NC,1983,471,1235691.67
NC,1984,531,1070061.83
NC,1985,616,2224095.44
NC,1986,356,966448.63
NC,1987,845,2534167.31
NC,1988,129,1411396.77
NC,1989,2137,17051797.98
NC,1990,221,1316160.19
NC,1991,1081,9589630.07
NC,1992,428,2581600.23
NC,1993,3170,20228855.65
NC,1994,588,4928725.390000001
NC,1995,832,14561121.120000001
NC,1996,12878,189146222.62
NC,1997,509,10745587.28
NC,1998,5170,27854567.14
NC,1999,16192,230461781.22
NC,2000,309,4166757.1399999997
NC,2001,231,1232737.21
NC,2002,281,2066959.31
NC,2003,7276,105107755.73
NC,2004,2336,38195408.85
NC,2005,2012,21399359.93
NC,2006,1393,22830450.24
NC,2007,100,1046400.12
NC,2008,814,17602443.96
NC,2009,822,8517956.62
NC,2010,1446,18465440.4
NC,2011,9604,164457541.7
NC,2012,993,13220393.49
NC,2013,549,10876417.87
NC,2014,654,6467959.9399999995
NC,2015,796,9616034.16
NC,2016,6721,215856408.5
NC,2017,272,2558014.32
NC,2018,16520,645922962.68
NC,2019,1778,52352715.599999994
NC,2020,1821,29600311.04
NC,2021,484,18837189.57
NC,2022,377,4634412.22
NC,2023,316,5718746.09
NC,2024,3340,259789066.01
NC,2025,698,42631407.879999995
NC,2026,67,1321675.6600000001
ND,1978,465,1318506.83
ND,1979,1672,6686434.350000001
ND,1980,21,38450.0
ND,1981,43,17306.7
ND,1982,111,111130.58
ND,1983,34,76650.54000000001
ND,1984,13,8214.3
ND,1985,7,5620.86
ND,1986,9,27043.01
ND,1987,75,158483.91999999998
ND,1988,2,0.0
ND,1989,248,869127.8200000001
ND,1990,4,0.0
ND,1991,48,113685.48
ND,1992,3,1865.2
ND,1993,210,299395.61
ND,1994,10,6565.58
ND,1995,89,1005397.43
ND,1996,314,7769255.04
ND,1997,4701,97408075.25
ND,1998,161,4941973.4399999995
ND,1999,226,3218073.13
ND,2000,131,2427984.9299999997
ND,2001,352,2903565.54
ND,2002,32,529853.63
ND,2003,8,123130.0
ND,2004,84,1399504.35
ND,2005,22,218806.72999999998
ND,2006,89,822758.7200000001
ND,2007,7,35053.43
ND,2008,3,14849.789999999999
ND,2009,1303,20986576.57
ND,2010,382,4567376.0
ND,2011,1918,96502250.1
ND,2012,56,1169308.26
ND,2013,167,1122976.39
ND,2014,44,1006125.8500000001
ND,2015,10,12659.08
ND,2016,7,62030.149999999994
ND,2017,4,18609.9
ND,2018,9,1612.08
ND,2019,121,499099.88
ND,2020,34,241576.66999999998
ND,2021,4,9793.93
ND,2022,31,202907.55000000002
ND,2023,13,231528.75
ND,2024,4,2251.78
ND,2025,6,11405.87
NE,1978,237,1230552.98
NE,1979,119,233636.79
NE,1980,74,138047.95
NE,1981,29,38519.68
NE,1982,215,603561.78
NE,1983,120,171620.14
NE,1984,693,5431005.77
NE,1985,69,212089.45
NE,1986,83,152844.82
NE,1987,82,106729.69
NE,1988,6,2661.0
NE,1989,26,79977.76999999999
NE,1990,107,511399.36
NE,1991,36,440171.2899999999
NE,1992,40,118885.62000000001
NE,1993,691,6349200.49
NE,1994,20,40342.23
NE,1995,29,88741.93
NE,1996,136,818147.27
NE,1997,107,1385329.53
NE,1998,50,248449.47
NE,1999,85,554335.0700000001
NE,2000,8,18762.29
NE,2001,35,112504.63
NE,2002,17,26369.95
NE,2003,12,174995.36
NE,2004,18,296883.77
NE,2005,51,216254.5
NE,2006,8,26907.629999999997
NE,2007,80,759287.92
NE,2008,202,1504415.84
NE,2009,8,39820.84
NE,2010,377,7221878.39
NE,2011,396,7522722.86
NE,2012,8,0.0
NE,2013,19,137387.83000000002
NE,2014,75,186774.61000000002
NE,2015,265,4131674.7600000002
NE,2016,103,301944.41000000003
NE,2017,17,537616.86
NE,2018,24,581709.18
NE,2019,1165,51926788.83
NE,2020,15,172082.05
NE,2021,17,321868.65
NE,2022,7,30110.559999999998
NE,2023,10,50673.240000000005
NE,2024,69,1964288.4
NE,2025,7,109235.45000000001
NH,1978,217,933862.8
NH,1979,118,255842.59999999998
NH,1980,18,16929.399999999998
NH,1981,67,143341.34
NH,1982,20,32218.33
NH,1983,30,69450.11
NH,1984,154,371125.52
NH,1985,1,0.0
NH,1986,47,199537.04
NH,1987,268,1234454.46
NH,1988,17,9949.04
NH,1989,8,1491.72
NH,1990,20,20974.86
NH,1991,259,1843011.6400000001
NH,1992,33,67518.31999999999
NH,1993,32,17896.5
NH,1994,14,14382.439999999999
NH,1995,17,159420.77
NH,1996,283,2354731.5
NH,1997,15,144159.1
NH,1998,120,729572.1799999999
NH,1999,15,41303.67
NH,2000,22,116965.0
NH,2001,37,189463.28
NH,2002,12,53016.030000000006
NH,2003,23,164096.94999999998
NH,2004,46,220003.63
NH,2005,180,5207848.76
NH,2006,594,13142318.66
NH,2007,489,10174700.98
NH,2008,51,824919.19
NH,2009,12,40731.53
NH,2010,179,2230659.1999999997
NH,2011,172,3428669.81
NH,2012,48,1821785.8099999998
NH,2013,40,369324.39
NH,2014,35,219756.62
NH,2015,15,58143.25
NH,2016,7,76178.31000000001
NH,2017,62,1098242.37
NH,2018,115,2428455.51
NH,2019,16,34158.09
NH,2020,6,0.0
NH,2021,20,929118.24
NH,2022,95,1696195.94
NH,2023,113,2037766.6199999999
NH,2024,257,10341362.66
NH,2025,2,0.0
NH,2026,1,0.0
NJ,1978,1333,2967069.25
NJ,1979,2634,6444602.76
NJ,1980,2678,8516289.719999999
NJ,1981,458,2234680.86
NJ,1982,355,917436.72
NJ,1983,1704,4279092.11
NJ,1984,8887,56489676.18
NJ,1985,3575,17853112.37
NJ,1986,281,1124207.92
NJ,1987,1317,5290818.02
NJ,1988,185,874969.4
NJ,1989,1378,6495105.79
NJ,1990,253,1955080.32
NJ,1991,2210,11567626.96
NJ,1992,19953,205168698.07
NJ,1993,953,3987308.3200000003
NJ,1994,2396,15081734.889999999
NJ,1995,336,2340945.31
NJ,1996,3334,31143468.39
NJ,1997,852,7117495.05
NJ,1998,3090,22797684.18
NJ,1999,7623,148338965.09
NJ,2000,559,5017956.4
NJ,2001,273,2474605.58
NJ,2002,264,1008720.8799999999
NJ,2003,727,3405697.21
NJ,2004,1212,20934191.96
NJ,2005,3647,59257770.2
NJ,2006,1493,24950482.47
NJ,2007,6996,158346967.85
NJ,2008,538,4402546.13
NJ,2009,1284,13906365.82
NJ,2010,5613,102415216.91
NJ,2011,22281,650324682.17
NJ,2012,75727,4138868123.3
NJ,2013,438,2469612.56
NJ,2014,729,7260839.69
NJ,2015,246,1600179.13
NJ,2016,1682,26608775.18
NJ,2017,247,3661065.59
NJ,2018,856,20085121.89
NJ,2019,443,6666504.48
NJ,2020,280,2623491.63
NJ,2021,7768,366264518.27
NJ,2022,319,4729780.59
NJ,2023,1078,20477362.5
NJ,2024,774,15627399.2
NJ,2025,869,32305618.12
NJ,2026,28,16929.729999999996
NM,1978,27,37433.97
NM,1979,35,109860.48000000001
NM,1980,45,74672.73
NM,1981,22,34485.49
NM,1982,10,10412.75
NM,1983,7,22412.39
NM,1984,35,69483.42
NM,1985,18,12978.13
NM,1986,14,10382.44
NM,1987,11,6619.0599999999995
NM,1988,54,101912.89
NM,1989,1,7154.03
NM,1990,18,37281.11
NM,1991,13,12233.27
NM,1992,83,559847.1
NM,1993,3,2732.99
NM,1994,14,39458.66
NM,1995,26,84522.34
NM,1996,28,52475.11
NM,1997,11,37177.96
NM,1998,6,34593.83
NM,1999,34,267058.3
NM,2000,29,122421.15
NM,2001,16,58558.09
NM,2002,25,136750.67
NM,2003,9,56370.83
NM,2004,49,220478.93
NM,2005,31,414724.76
NM,2006,193,5231419.75
NM,2007,22,107978.58
NM,2008,85,2238908.26
NM,2009,20,52250.8
NM,2010,42,660148.01
NM,2011,15,24008.28
NM,2012,16,100565.85999999999
NM,2013,98,1840846.0
NM,2014,58,956222.9600000001
NM,2015,36,417471.83
NM,2016,30,253686.33
NM,2017,41,391415.74
NM,2018,25,742341.89
NM,2019,17,131056.67000000001
NM,2020,6,40644.39
NM,2021,58,850508.09
NM,2022,22,276503.16000000003
NM,2023,14,100128.87999999999
NM,2024,295,15721215.29
NM,2025,158,8613013.69
NM,2026,2,0.0
NV,1978,11,12320.029999999999
NV,1979,13,22876.12
NV,1980,28,48519.96
NV,1981,8,1026.7
NV,1982,22,22730.01
NV,1983,43,519067.63
NV,1984,114,580750.82
NV,1985,16,88975.36
NV,1986,86,591072.46
NV,1987,6,4026.42
NV,1988,1,0.0
NV,1989,2,2853.72
NV,1990,34,415858.39
NV,1991,7,14811.96
NV,1992,13,58120.85999999999
NV,1993,15,9675.55
NV,1994,4,0.0
NV,1995,30,125763.47
NV,1996,23,244353.3
NV,1997,470,19771608.68
NV,1998,47,683214.0900000001
NV,1999,127,1689095.87
NV,2000,10,58176.969999999994
NV,2001,11,26872.629999999997
NV,2002,4,0.0
NV,2003,36,961823.4
NV,2004,13,4578.04
NV,2005,197,10634906.28
NV,2006,32,714821.59
NV,2007,9,34368.71
NV,2008,10,34609.729999999996
NV,2009,6,0.0
NV,2010,8,37902.83
NV,2011,5,13748.689999999999
NV,2012,58,1472344.04
NV,2013,24,222499.90000000002
NV,2014,71,1351407.4
NV,2015,31,280366.36
NV,2016,15,197251.38
NV,2017,167,3466644.95
NV,2018,6,1000.0
NV,2019,7,58712.25
NV,2020,2,0.0
NV,2021,44,672119.39
NV,2022,13,560658.04
NV,2023,38,925644.65
NV,2024,6,75567.54999999999
NV,2025,17,724059.06
NY,1978,4176,10615711.67
NY,1979,10144,26482468.99
NY,1980,7236,16092187.629999999
NY,1981,2484,5826624.21
NY,1982,2086,3235307.92
NY,1983,2684,4702339.5600000005
NY,1984,3898,11522711.28
NY,1985,3624,14769390.62
NY,1986,780,2732053.49
NY,1987,1052,4222774.3100000005
NY,1988,261,439289.25
NY,1989,657,1438386.05
NY,1990,430,1884400.07
NY,1991,4017,37305911.41
NY,1992,9310,109618415.58
NY,1993,2681,25451023.57
NY,1994,770,5239328.69
NY,1995,292,5123694.9399999995
NY,1996,4010,38147343.93
NY,1997,209,1895192.47
NY,1998,1101,7604941.82
NY,1999,1267,14933654.45
NY,2000,513,3978588.3200000003
NY,2001,334,1179494.27
NY,2002,293,1386114.46
NY,2003,621,3060281.25
NY,2004,1036,12955271.75
NY,2005,5711,58133219.949999996
NY,2006,2773,92009114.92
NY,2007,3080,63292041.160000004
NY,2008,532,3968073.48
NY,2009,608,7155764.74
NY,2010,3082,22572156.78
NY,2011,20619,530624660.72
NY,2012,57991,4176407582.11
NY,2013,1009,13577584.03
NY,2014,1559,15745728.39
NY,2015,327,2750450.53
NY,2016,227,1181555.48
NY,2017,876,12455848.23
NY,2018,885,14467140.36
NY,2019,628,12863856.29
NY,2020,291,3515641.09
NY,2021,4059,160333793.64000002
NY,2022,1355,31737691.54
NY,2023,2345,57105519.68
NY,2024,928,32467266.97
NY,2025,296,5934261.54
NY,2026,106,1208882.02
OH,1978,887,2277601.36
OH,1979,1765,5303944.98
OH,1980,909,2740124.96
OH,1981,1024,3759288.29
OH,1982,1089,5953229.29
OH,1983,180,627422.46
OH,1984,220,584915.0
OH,1985,726,4402159.2
OH,1986,196,526085.27
OH,1987,418,1939736.14
OH,1988,39,220661.16
OH,1989,375,2061365.96
OH,1990,698,4113732.1100000003
OH,1991,130,431625.51999999996
OH,1992,269,1540881.31
OH,1993,145,897038.35
OH,1994,472,6176350.42
OH,1995,257,1824233.3900000001
OH,1996,557,4074455.15
OH,1997,1692,25867375.22
OH,1998,1246,14655846.64
OH,1999,72,396456.89
OH,2000,342,2054441.71
OH,2001,233,3773764.73
OH,2002,164,1430808.52
OH,2003,774,11968693.01
OH,2004,2223,35655333.72
OH,2005,1106,10583138.57
OH,2006,745,21090060.61
OH,2007,1526,44643549.45
OH,2008,874,10419433.530000001
OH,2009,276,2047552.96
OH,2010,161,1954843.64
OH,2011,1615,29837092.88
OH,2012,196,2977141.6
OH,2013,678,14220459.95
OH,2014,588,12706256.46
OH,2015,534,7920004.55
OH,2016,83,697705.1
OH,2017,410,5372414.09
OH,2018,475,10899973.82
OH,2019,388,8993250.58
OH,2020,484,13502639.530000001
OH,2021,203,4161168.6999999997
OH,2022,187,2472092.2800000003
OH,2023,126,3474441.65
OH,2024,160,5097705.91
OH,2025,184,7468878.390000001
OH,2026,78,580952.12
OK,1978,97,285809.27
OK,1979,387,1228961.17
OK,1980,185,396071.14999999997
OK,1981,137,530060.46
OK,1982,215,819967.39
OK,1983,205,1224396.72
OK,1984,1633,32592259.84
OK,1985,328,1783075.6400000001
OK,1986,1101,14519550.4
OK,1987,315,2795452.77
OK,1988,102,385899.28
OK,1989,235,1302101.19
OK,1990,224,1485140.16
OK,1991,41,186486.18
OK,1992,128,769095.24
OK,1993,688,8797290.91
OK,1994,307,3998929.49
OK,1995,663,6853021.56
OK,1996,111,985145.28
OK,1997,81,743680.02
OK,1998,237,2528826.0
OK,1999,229,2364291.92
OK,2000,469,8183541.44
OK,2001,46,506982.9
OK,2002,96,612252.01
OK,2003,33,95834.15
OK,2004,162,2213620.44
OK,2005,16,104297.42000000001
OK,2006,42,1402361.43
OK,2007,1006,30293279.41
OK,2008,346,6837313.3
OK,2009,152,3095483.08
OK,2010,262,5940077.3
OK,2011,144,3070191.92
OK,2012,37,589099.22
OK,2013,352,9131074.94
OK,2014,38,1526640.13
OK,2015,761,26909458.54
OK,2016,190,8562514.799999999
OK,2017,110,2468869.37
OK,2018,57,1082683.99
OK,2019,614,42921021.22
OK,2020,51,1754899.27
OK,2021,76,3094853.34
OK,2022,117,6229921.1
OK,2023,17,135780.05
OK,2024,28,1417764.44
OK,2025,95,4575418.88
OK,2026,7,10879.43
OR,1978,25,56657.93000000001
OR,1979,63,122037.48999999999
OR,1980,146,530843.89
OR,1981,140,265147.48
OR,1982,131,280840.79
OR,1983,100,398071.6
OR,1984,70,605238.71
OR,1985,16,109553.48000000001
OR,1986,25,116867.99
OR,1987,23,131672.07
OR,1988,5,4510.11
OR,1989,12,1790.3
OR,1990,44,365495.53
OR,1991,24,158037.31
OR,1992,9,10346.16
OR,1993,23,24662.23
OR,1994,24,184364.47
OR,1995,82,415609.08
OR,1996,1789,35246510.5
OR,1997,306,2774483.0
OR,1998,260,3741357.23
OR,1999,326,5420070.74
OR,2000,30,155123.03
OR,2001,10,14234.579999999998
OR,2002,44,540930.09
OR,2003,44,340856.95
OR,2004,17,30041.21
OR,2005,143,2316592.82
OR,2006,204,5258819.97
OR,2007,471,18674830.27
OR,2008,36,289454.38
OR,2009,119,2297851.98
OR,2010,41,353217.4
OR,2011,67,1027581.44
OR,2012,379,6131811.899999999
OR,2013,6,14172.449999999999
OR,2014,46,433747.87
OR,2015,260,5874712.54
OR,2016,37,151159.15
OR,2017,61,302555.83
OR,2018,31,693209.85
OR,2019,74,998531.73
OR,2020,53,1491653.87
OR,2021,56,725579.32
OR,2022,17,245218.81999999998
OR,2023,24,345808.83
OR,2024,17,190537.42
OR,2025,155,6247975.53
OR,2026,10,91391.59
PA,1978,2050,4852675.86
PA,1979,4577,11977357.03
PA,1980,738,2137876.72
PA,1981,1168,3517405.19
PA,1982,737,6169215.72
PA,1983,1311,4381302.64
PA,1984,2726,10097604.98
PA,1985,1177,6845340.680000001
PA,1986,616,2847745.09
PA,1987,618,3816186.33
PA,1988,144,578181.87
PA,1989,564,3446179.8000000003
PA,1990,414,2017502.74
PA,1991,176,1402196.8699999999
PA,1992,168,1266063.2300000002
PA,1993,1238,7884467.32
PA,1994,855,5736270.72
PA,1995,212,1064396.17
PA,1996,11075,138263908.32
PA,1997,452,3523091.84
PA,1998,220,750233.23
PA,1999,2581,63170555.15
PA,2000,631,6957836.58
PA,2001,689,26037439.48
PA,2002,138,905537.1599999999
PA,2003,1094,10417589.08
PA,2004,10120,208697646.85
PA,2005,2116,58827022.76
PA,2006,4281,123215344.64
PA,2007,509,4500951.03
PA,2008,224,1685792.74
PA,2009,686,14438141.75
PA,2010,1410,19744058.630000003
PA,2011,10592,349342038.12
PA,2012,398,3790357.3
PA,2013,782,12720147.83
PA,2014,713,16926061.49
PA,2015,253,2487735.4699999997
PA,2016,292,4897490.96
PA,2017,532,10070087.5
PA,2018,2145,50276816.879999995
PA,2019,707,20201720.04
PA,2020,1302,44125631.83
PA,2021,2247,116594534.78
PA,2022,114,1793915.0
PA,2023,298,9367261.17
PA,2024,589,16675930.5
PA,2025,206,5925951.1
PA,2026,22,177931.96
PR,1978,258,616730.33
PR,1979,2558,6931734.13
PR,1980,307,464529.61
PR,1981,1261,4230276.78
PR,1982,425,1007684.19
PR,1983,457,989846.9099999999
PR,1984,182,420384.89
PR,1985,2468,8343043.0200000005
PR,1986,974,2965311.32
PR,1987,1141,5863219.44
PR,1988,425,1059917.69
PR,1989,624,2092141.72
PR,1990,49,289345.47
PR,1991,33,228337.18
PR,1992,600,6016479.12
PR,1993,137,672380.7
PR,1994,30,52395.020000000004
PR,1995,93,437675.00999999995
PR,1996,1797,20907196.57
PR,1997,63,547816.13
PR,1998,4951,27066490.619999997
PR,1999,180,1323592.04
PR,2000,113,490372.85
PR,2001,372,3010219.25
PR,2002,51,219440.29
PR,2003,671,2454792.02
PR,2004,927,5250032.3100000005
PR,2005,315,1315219.34
PR,2006,58,355048.7
PR,2007,145,489521.98
PR,2008,796,4064177.86
PR,2009,368,5669410.0
PR,2010,274,991121.91
PR,2011,788,3238660.54
PR,2012,139,1083372.3699999999
PR,2013,242,2530656.92
PR,2014,24,87319.35
PR,2015,2,0.0
PR,2016,17,188973.11000000002
PR,2017,734,28016445.7
PR,2018,8,48212.4
PR,2019,2,287563.05000000005
PR,2020,77,1938855.6600000001
PR,2021,9,177226.91
PR,2022,174,5323676.7299999995
PR,2023,21,575617.38
PR,2024,33,690122.73
PR,2025,10,67382.39
PR,2026,3,0.0
RI,1978,349,793282.61
RI,1979,221,2094501.06
RI,1980,54,131214.15
RI,1981,10,44698.350000000006
RI,1982,220,2197313.51
RI,1983,161,1129605.26
RI,1984,77,605537.91
RI,1985,153,293655.87
RI,1986,31,271751.93
RI,1987,54,122100.14000000001
RI,1988,10,5004.0
RI,1989,8,150.0
RI,1990,10,10365.4
RI,1991,726,6585706.05
RI,1992,106,692443.55
RI,1993,70,563336.54
RI,1994,45,331005.79
RI,1995,7,7131.0
RI,1996,23,126015.68999999999
RI,1997,33,149854.84
RI,1998,149,1569640.06
RI,1999,39,500626.35000000003
RI,2000,15,167289.13
RI,2001,99,872508.21
RI,2002,9,35038.08
RI,2003,21,27926.890000000003
RI,2004,13,24891.53
RI,2005,414,11114814.26
RI,2006,63,1637736.3199999998
RI,2007,119,2147756.8000000003
RI,2008,55,871975.5800000001
RI,2009,34,194932.39
RI,2010,1782,43711845.33
RI,2011,103,2220670.1500000004
RI,2012,1094,38318945.82
RI,2013,40,472953.8
RI,2014,43,143059.13
RI,2015,25,34881.25
RI,2016,3,4660.51
RI,2017,8,34995.549999999996
RI,2018,55,527958.91
RI,2019,10,10754.789999999999
RI,2020,16,122741.23000000001
RI,2021,74,1659831.5
RI,2022,58,2083060.6
RI,2023,137,7845287.0600000005
RI,2024,166,5624394.27
RI,2025,7,524019.06
RI,2026,4,75038.59
SC,1978,26,12687.630000000001
SC,1979,891,1586041.1
SC,1980,52,48957.05
SC,1981,106,90348.12
SC,1982,189,215227.06999999998
SC,1983,168,440796.14
SC,1984,87,213187.91999999998
SC,1985,134,216310.88
SC,1986,256,1195531.3
SC,1987,1579,5742418.29
SC,1988,155,335136.1
SC,1989,14879,361858955.68
SC,1990,203,643618.31
SC,1991,105,292499.52
SC,1992,139,519104.13
SC,1993,294,1191575.7
SC,1994,1322,5945725.5
SC,1995,319,2152374.06
SC,1996,1175,3270771.9
SC,1997,228,1225809.45
SC,1998,1018,3081885.08
SC,1999,2346,21576705.55
SC,2000,172,1334213.57
SC,2001,150,1783022.4500000002
SC,2002,172,1181661.61
SC,2003,177,1198119.51
SC,2004,401,5611728.109999999
SC,2005,233,2206931.32
SC,2006,50,408379.49
SC,2007,55,315792.32
SC,2008,245,4792951.09
SC,2009,167,1129582.29
SC,2010,130,1136250.73
SC,2011,105,1280390.51
SC,2012,146,1660359.37
SC,2013,289,3367388.6799999997
SC,2014,140,1653045.19
SC,2015,5710,146181528.58
SC,2016,7265,168420268.23
SC,2017,2565,57123042.41
SC,2018,1698,108433287.57000001
SC,2019,227,2143638.59
SC,2020,781,14852521.35
SC,2021,277,4968225.53
SC,2022,1243,49895525.59
SC,2023,541,14113967.41
SC,2024,899,25897062.880000003
SC,2025,91,2125190.81
SC,2026,6,4395.96
SD,1978,122,273786.17
SD,1979,59,39350.43
SD,1980,14,16095.05
SD,1981,1,0.0
SD,1982,35,92168.48
SD,1983,25,40914.17
SD,1984,69,355544.44
SD,1985,3,445.4
SD,1986,83,324422.95999999996
SD,1987,11,36688.0
SD,1988,1,25.0
SD,1989,2,500.0
SD,1990,1,0.0
SD,1991,8,3248.71
SD,1992,7,9387.43
SD,1993,120,781424.28
SD,1994,18,161388.68
SD,1995,33,212757.94999999998
SD,1996,39,240381.76
SD,1997,644,8082543.0600000005
SD,1998,45,316772.56
SD,1999,122,1443806.85
SD,2000,12,50000.0
SD,2001,139,881716.3
SD,2002,5,56164.72
SD,2003,11,6544.05
SD,2004,8,268077.43
SD,2005,3,4724.24
SD,2006,5,1041.15
SD,2007,208,2663314.39
SD,2008,50,454063.96
SD,2009,19,179659.94
SD,2010,361,3804460.29
SD,2011,927,14159407.08
SD,2012,47,453465.79
SD,2013,14,221348.86000000002
SD,2014,59,1708092.49
SD,2015,54,2234534.35
SD,2016,6,197507.93
SD,2017,3,0.0
SD,2018,19,129492.57999999999
SD,2019,495,15664694.35
SD,2020,18,229464.04
SD,2021,1,0.0
SD,2022,3,2210.16
SD,2023,10,255409.09000000003
SD,2024,74,5936071.67
SD,2025,4,33789.56
TN,1978,173,377498.77
TN,1979,572,2247341.46
TN,1980,248,653876.06
TN,1981,85,228910.4
TN,1982,208,1264480.43
TN,1983,164,458478.8
TN,1984,485,2681779.36
TN,1985,32,87416.91
TN,1986,58,293129.47000000003
TN,1987,92,886633.12
TN,1988,47,99961.03
TN,1989,229,1018226.23
TN,1990,331,3584629.4099999997
TN,1991,136,699543.77
TN,1992,47,165477.7
TN,1993,83,429788.27
TN,1994,564,4402932.17
TN,1995,212,1380460.31
TN,1996,164,1506671.78
TN,1997,276,2930747.3
TN,1998,524,5177690.109999999
TN,1999,108,990199.93
TN,2000,121,1138434.35
TN,2001,188,1600069.01
TN,2002,292,3504571.88
TN,2003,961,17408648.35
TN,2004,336,4782602.4
TN,2005,33,277472.92
TN,2006,49,759735.74
TN,2007,17,85220.09
TN,2008,56,549218.92
TN,2009,535,10443607.37
TN,2010,4724,230676709.99
TN,2011,570,11291924.23
TN,2012,148,2975909.0
TN,2013,548,11506579.53
TN,2014,198,5168060.35
TN,2015,139,1631038.21
TN,2016,185,3447669.4000000004
TN,2017,414,9027815.84
TN,2018,137,2239642.05
TN,2019,773,20926640.6
TN,2020,383,8966233.64
TN,2021,1130,56388697.129999995
TN,2022,69,1132163.11
TN,2023,81,3511742.8200000003
TN,2024,345,19719063.55
TN,2025,370,15822368.2
TN,2026,9,3057.09
TX,1978,673,2706920.96
TX,1979,21721,217766318.9
TX,1980,7154,34099419.71
TX,1981,10097,57159754.269999996
TX,1982,2359,15296577.75
TX,1983,17691,152679618.96
TX,1984,2964,23817663.35
TX,1985,2065,9788842.14
TX,1986,1363,6718239.2700000005
TX,1987,1821,9937935.71
TX,1988,695,3634638.9699999997
TX,1989,13158,154671011.51
TX,1990,1772,23703116.68
TX,1991,3494,34224801.85
TX,1992,4106,59269858.18
TX,1993,1280,10242037.56
TX,1994,7948,226185572.87
TX,1995,1937,14817434.87
TX,1996,1055,10209527.02
TX,1997,3408,36822177.53
TX,1998,12582,263267781.89
TX,1999,1361,8726808.86
TX,2000,1379,14688332.47
TX,2001,29242,999096181.12
TX,2002,9505,198458623.58
TX,2003,3867,52808238.51
TX,2004,2907,60456487.93
TX,2005,4564,57409647.09
TX,2006,4705,99232573.12
TX,2007,4280,91276692.53
TX,2008,47167,2252943074.92
TX,2009,6533,172523306.01
TX,2010,2659,72225550.43
TX,2011,271,1496095.1400000001
TX,2012,2104,35704534.089999996
TX,2013,1933,63075984.19
TX,2014,1159,15127732.75
TX,2015,12576,579174893.61
TX,2016,13928,701813863.0
TX,2017,93589,9062977359.03
TX,2018,3280,120748384.55
TX,2019,13982,870813277.86
TX,2020,2286,44366598.45
TX,2021,2532,45937040.66
TX,2022,690,18271681.96
TX,2023,565,14563142.72
TX,2024,4716,161938366.1
TX,2025,2422,157836351.94
TX,2026,124,1857874.96
UN,1978,869,2544196.58
UN,1979,2943,14334877.69
UN,1980,1508,5479646.28
UN,1981,1098,4244031.76
UN,1982,2212,9386987.17
UN,1983,3508,17877678.88
UN,1984,2015,12724572.17
UN,1985,1715,11377359.17
UN,1986,269,1735861.0699999998
UN,1987,146,519760.51
UN,1988,11,56759.95
UN,1989,36,213616.06
UN,1990,25,66971.93
UN,1991,18,145674.72
UN,1992,6,157883.4
UN,1993,20,269427.5
UN,1994,1,16586.45
UN,1995,3,104531.72
UN,1996,3,5380.639999999999
UN,1997,3,50533.34
UN,1998,4,32384.59
UN,1999,1,1492.88
UN,2000,2,621.0
UN,2001,1,29303.4
UN,2002,1,11484.17
UN,2003,1,43600.9
UN,2004,7,59105.11
UN,2005,6,51151.39
UN,2006,4,7730.87
UN,2010,1,83274.36
UN,2011,4,154501.41999999998
UT,1978,16,51209.6
UT,1979,23,16956.0
UT,1980,29,7789.5
UT,1981,6,4087.41
UT,1982,125,312676.77
UT,1983,245,2062143.52
UT,1984,155,1501758.75
UT,1985,35,47111.79
UT,1986,41,462064.27
UT,1987,8,41875.700000000004
UT,1988,4,0.0
UT,1989,5,13545.880000000001
UT,1991,11,4300.35
UT,1992,4,14999.15
UT,1993,6,1393.03
UT,1995,3,160775.23
UT,1996,5,8421.23
UT,1997,9,18933.82
UT,1998,9,3061.72
UT,1999,4,3477.23
UT,2000,5,123.94
UT,2001,9,5642.98
UT,2002,4,48269.17999999999
UT,2003,3,9396.67
UT,2004,12,15713.279999999999
UT,2005,28,121466.48000000001
UT,2006,19,79749.55
UT,2007,17,274720.32999999996
UT,2008,8,31812.739999999998
UT,2009,8,49322.91999999999
UT,2010,11,135126.08000000002
UT,2011,56,191685.64
UT,2012,13,8048.58
UT,2013,18,79076.4
UT,2014,13,171678.37000000002
UT,2015,24,43945.53
UT,2016,12,56269.61
UT,2017,28,78970.3
UT,2018,10,76343.7
UT,2019,22,61252.46
UT,2020,6,15101.0
UT,2021,23,856433.68
UT,2022,14,393325.86
UT,2023,60,373233.12
UT,2024,21,22007.24
UT,2025,15,134337.18
UT,2026,2,1109.62
VA,1978,972,3516902.14
VA,1979,546,2169760.53
VA,1980,154,529001.35
VA,1981,106,316792.37
VA,1982,475,1345661.26
VA,1983,129,168736.85
VA,1984,465,1943274.53
VA,1985,1817,39051533.980000004
VA,1986,61,131048.86
VA,1987,621,4431594.44
VA,1988,160,795588.62
VA,1989,410,1939831.55
VA,1990,181,603402.41
VA,1991,199,572476.0800000001
VA,1992,849,9384912.64
VA,1993,154,729020.28
VA,1994,195,1465359.81
VA,1995,458,4662200.93
VA,1996,1939,33071573.14
VA,1997,89,427652.98
VA,1998,2112,9175099.01
VA,1999,2456,18509319.43
VA,2000,212,1432755.5699999998
VA,2001,182,2253741.18
VA,2002,319,3142564.39
VA,2003,11938,220847696.09
VA,2004,855,17521594.84
VA,2005,136,1067683.61
VA,2006,2740,43363247.31
VA,2007,60,296688.16
VA,2008,304,2422385.05
VA,2009,6719,103758975.28
VA,2010,430,2555426.53
VA,2011,3395,41316073.76
VA,2012,1484,23755016.650000002
VA,2013,355,3506504.6100000003
VA,2014,479,6873426.8
VA,2015,524,5018815.95
VA,2016,2806,77527803.15
VA,2017,162,1592594.38
VA,2018,848,17450509.0
VA,2019,413,8563568.200000001
VA,2020,605,9617978.38
VA,2021,228,2193343.67
VA,2022,185,1841600.58
VA,2023,107,949227.52
VA,2024,272,7795019.04
VA,2025,250,7054762.73
VA,2026,10,944.45
VI,1978,17,11045.810000000001
VI,1979,302,679906.8
VI,1980,13,24875.15
VI,1981,49,234046.86
VI,1982,12,34345.75
VI,1983,191,785237.04
VI,1984,109,520795.0
VI,1985,11,28974.24
VI,1986,12,5245.89
VI,1987,50,191577.83
VI,1988,8,57246.18
VI,1989,460,6089396.600000001
VI,1990,10,24664.41
VI,1991,1,0.0
VI,1992,11,57593.65
VI,1993,1,0.0
VI,1994,1,0.0
VI,1995,640,11035835.09
VI,1996,93,2188058.09
VI,1997,2,0.0
VI,1998,108,3599492.54
VI,1999,303,8071408.01
VI,2000,6,35136.14
VI,2001,92,360149.25
VI,2002,1,40337.57
VI,2003,88,2734534.46
VI,2004,110,3150319.7199999997
VI,2005,12,911699.52
VI,2006,24,1612306.84
VI,2007,16,1683154.17
VI,2008,156,5699918.07
VI,2009,16,522027.6400000001
VI,2010,193,4653101.88
VI,2011,15,523259.17000000004
VI,2012,3,126089.69
VI,2013,9,544487.86
VI,2014,5,86463.58
VI,2015,1,3121.85
VI,2016,1,199520.1
VI,2017,322,20874916.4
VI,2018,3,4484.719999999999
VI,2019,5,91773.98
VI,2022,9,479379.23
VI,2024,10,369019.32
VI,2025,3,177337.81
VT,1978,35,31981.870000000003
VT,1979,45,54403.509999999995
VT,1980,35,30999.659999999996
VT,1981,93,258975.74000000002
VT,1982,47,82640.15000000001
VT,1983,36,118063.79000000001
VT,1984,55,218014.94
VT,1985,1,64.63
VT,1986,11,21707.2
VT,1987,36,120876.19
VT,1988,2,0.0
VT,1989,21,23513.19
VT,1990,11,6085.950000000001
VT,1991,7,5603.79
VT,1992,93,1555090.73
VT,1993,36,129763.0
VT,1994,17,56116.880000000005
VT,1995,54,564772.24
VT,1996,48,216578.6
VT,1997,32,343234.57999999996
VT,1998,69,874957.75
VT,1999,6,8229.14
VT,2000,59,610956.87
VT,2001,9,5454.73
VT,2002,54,969041.11
VT,2003,10,18653.68
VT,2004,7,5406.67
VT,2005,19,53808.97
VT,2006,20,199113.04
VT,2007,42,246339.96
VT,2008,39,654170.4999999999
VT,2009,20,178089.55
VT,2010,18,124896.0
VT,2011,1459,54202951.19
VT,2012,8,44750.47
VT,2013,40,313261.05
VT,2014,27,149025.41
VT,2015,34,309249.7
VT,2016,5,17380.67
VT,2017,19,156899.52000000002
VT,2018,20,618888.97
VT,2019,74,1496911.74
VT,2020,4,5101.06
VT,2021,27,331868.24
VT,2022,7,61980.87000000001
VT,2023,710,44522430.410000004
VT,2024,197,7599136.22
VT,2025,3,0.0
VT,2026,5,15896.43
WA,1978,31,83050.7
WA,1979,179,674259.99
WA,1980,487,5733938.71
WA,1981,125,368548.79
WA,1982,215,655037.44
WA,1983,123,793236.65
WA,1984,91,330744.85
WA,1985,6,13423.93
WA,1986,370,3874136.2899999996
WA,1987,31,293145.67
WA,1988,6,14308.32
WA,1989,79,480014.64
WA,1990,1610,21371965.23
WA,1991,92,848812.54
WA,1992,21,70043.69
WA,1993,30,205572.02
WA,1994,72,652590.43
WA,1995,882,11032782.15
WA,1996,1917,36946481.8
WA,1997,409,4183891.33
WA,1998,143,1193670.65
WA,1999,195,2122377.64
WA,2000,28,263028.78
WA,2001,75,880176.46
WA,2002,45,167391.0
WA,2003,425,6272121.55
WA,2004,49,619910.6
WA,2005,35,352261.29000000004
WA,2006,1356,31615019.53
WA,2007,1062,50865439.22
WA,2008,125,1107252.87
WA,2009,1758,45448085.33
WA,2010,221,2387398.73
WA,2011,159,1277962.9
WA,2012,174,3276884.61
WA,2013,59,348602.48
WA,2014,109,3838549.42
WA,2015,662,11842224.11
WA,2016,148,2313508.09
WA,2017,112,1152785.68
WA,2018,70,1005497.21
WA,2019,57,1058456.98
WA,2020,255,6546727.27
WA,2021,480,25867582.3
WA,2022,513,19522277.330000002
WA,2023,66,1139363.02
WA,2024,30,1114339.89
WA,2025,846,48299779.42
WA,2026,28,632975.71
WI,1978,142,194787.53
WI,1979,335,928359.53
WI,1980,104,241392.86
WI,1981,52,72413.88
WI,1982,97,96388.78
WI,1983,54,123355.04
WI,1984,38,53519.14
WI,1985,65,276312.34
WI,1986,413,1057343.8
WI,1987,16,11627.66
WI,1988,8,11564.47
WI,1989,58,159159.18
WI,1990,185,857345.54
WI,1991,14,4548.18
WI,1992,36,108640.15000000001
WI,1993,341,2149330.06
WI,1994,42,318067.08
WI,1995,24,378309.02
WI,1996,119,267943.99
WI,1997,819,8225031.6899999995
WI,1998,793,7382617.58
WI,1999,73,255038.61
WI,2000,152,512462.41
WI,2001,282,2435807.41
WI,2002,47,562651.5800000001
WI,2003,22,752524.1699999999
WI,2004,261,1477095.99
WI,2005,16,65140.93
WI,2006,27,53333.55
WI,2007,184,3498000.12
WI,2008,1548,33601663.37
WI,2009,85,459829.35
WI,2010,511,7314282.22
WI,2011,104,717961.01
WI,2012,27,69878.61
WI,2013,127,1186176.95
WI,2014,65,540451.43
WI,2015,40,189722.68
WI,2016,99,1868096.65
WI,2017,189,5500450.85
WI,2018,447,19217594.98
WI,2019,497,8717155.8
WI,2020,174,3269747.6
WI,2021,33,216510.41
WI,2022,31,255232.42
WI,2023,59,961434.65
WI,2024,35,835339.9400000001
WI,2025,406,16314030.53
WI,2026,202,2927455.92
WV,1978,1986,7143798.58
WV,1979,754,2461483.79
WV,1980,998,3965055.13
WV,1981,419,1026684.1299999999
WV,1982,194,296736.91000000003
WV,1983,43,39661.17
WV,1984,1338,20856363.5
WV,1985,1756,22987399.26
WV,1986,25,61487.829999999994
WV,1987,98,283557.24
WV,1988,7,107136.79
WV,1989,429,1644795.39
WV,1990,217,1330686.52
WV,1991,159,703006.68
WV,1992,44,163083.31
WV,1993,43,114188.09
WV,1994,778,5448974.57
WV,1995,147,1980914.08
WV,1996,4258,62986678.82
WV,1997,769,8322282.05
WV,1998,496,6721872.92
WV,1999,39,189793.57
WV,2000,497,3547803.21
WV,2001,930,13414490.31
WV,2002,607,5677734.56
WV,2003,1961,21191834.27
WV,2004,2810,48195627.4
WV,2005,535,4676824.47
WV,2006,76,886770.12
WV,2007,358,6408598.55
WV,2008,194,2596925.88
WV,2009,464,8297466.09
WV,2010,791,12251641.42
WV,2011,139,984304.36
WV,2012,222,5159478.8
WV,2013,136,2076837.5799999998
WV,2014,73,558489.0700000001
WV,2015,292,4383341.18
WV,2016,1104,48634626.949999996
WV,2017,171,3577043.79
WV,2018,252,6205263.07
WV,2019,47,352024.79
WV,2020,69,910749.81
WV,2021,244,5965597.81
WV,2022,172,4762288.61
WV,2023,58,1479741.71
WV,2024,192,4238416.53
WV,2025,439,16520596.88
WV,2026,2,0.0
WY,1978,31,96661.16
WY,1979,9,51867.86
WY,1980,6,2198.0
WY,1981,13,24438.98
WY,1982,27,55146.259999999995
WY,1983,21,87560.58
WY,1984,34,79933.04
WY,1985,81,603370.83
WY,1986,11,12659.08
WY,1987,1,0.0
WY,1988,2,29018.0
WY,1989,7,7976.98
WY,1990,1,0.0
WY,1991,13,1309.71
WY,1992,1,0.0
WY,1993,6,15821.6
WY,1994,2,46095.7
WY,1995,19,12490.19
WY,1996,5,32140.239999999998
WY,1997,36,218537.87000000002
WY,1998,5,0.0
WY,1999,7,123.12
WY,2000,1,569.76
WY,2001,1,0.0
WY,2002,2,4695.27
WY,2003,3,22627.809999999998
WY,2004,1,0.0
WY,2005,8,14979.029999999999
WY,2007,14,30025.61
WY,2008,12,30385.13
WY,2009,14,54957.770000000004
WY,2010,21,38542.380000000005
WY,2011,22,188279.0
WY,2012,2,3227.84
WY,2013,10,16053.64
WY,2014,11,71572.42
WY,2015,27,974569.44
WY,2016,10,90208.04
WY,2017,10,138984.33
WY,2018,12,16446.83
WY,2019,20,180284.88999999998
WY,2021,2,0.0
WY,2022,2,181864.41999999998
WY,2023,13,151231.08000000002
WY,2024,1,140620.7
WY,2025,4,35827.36
